language,rank_ratio,mean_jaccard_instability,mean_spearman_stability,H_S_bits,C_eff_bits,T_queries,predicted_fano_floor,mean_wer_original,mean_wer_compressed
isizulu,0.5,0.7022805537985806,0.3576418190342241,5.36862575504801,1.0273444307075361,80,0.0,1.2107142857142859,1.0
isizulu,0.25,0.8544187044187044,-0.05993905297702766,5.36862575504801,0.49677388781645854,80,0.0,1.0,4.667775974025974
isizulu,0.1,0.9395578342946763,-0.26304266291608064,5.36862575504801,0.2177897682665656,80,0.0,1.1428571428571428,5.023457792207792
setswana,0.5,0.8403140203449802,0.08540553211439288,5.281076880026374,1.0273444307075361,80,0.0,1.542857142857143,1.0
setswana,0.25,0.7874331550802139,0.1800375058602907,5.281076880026374,0.49677388781645854,80,0.0,1.0380952380952382,2.2928571428571427
setswana,0.1,0.9342111342111341,-0.1881112210412946,5.281076880026374,0.2177897682665656,80,0.0,0.9872503840245775,2.1863287250384027
sesotho,0.5,0.8123376623376624,0.1424847632442569,5.302075534727473,1.0273444307075361,80,0.0,1.0,1.0
sesotho,0.25,0.8429165605636195,0.1285138302859822,5.302075534727473,0.49677388781645854,80,0.0,1.0,2.1473684210526316
sesotho,0.1,0.9635627530364372,-0.2574308485700891,5.302075534727473,0.2177897682665656,80,0.0,1.0,2.7946852425180593
